﻿{"cameraMode":{"drawMode":0,"name":"Shaded","section":"Shading Mode"},"sceneLighting":true,"audioPlay":false,"sceneViewState":{"showFog":true,"showMaterialUpdate":false,"showSkybox":true,"showFlares":true,"showImageEffects":true,"showParticleSystems":true},"in2DMode":false,"pivot":{"x":-3.914051055908203,"y":-3.133838176727295,"z":7.901183128356934},"rotation":{"x":-0.1979874074459076,"y":0.7277221083641052,"z":-0.23496411740779878,"w":-0.6131999492645264},"size":39.277042388916019,"orthographic":false}