﻿{"cameraMode":{"drawMode":0,"name":"Shaded","section":"Shading Mode"},"sceneLighting":false,"audioPlay":false,"sceneViewState":{"showFog":true,"showMaterialUpdate":false,"showSkybox":false,"showFlares":true,"showImageEffects":true,"showParticleSystems":true},"in2DMode":false,"pivot":{"x":19.040000915527345,"y":0.5,"z":-0.0299999862909317},"rotation":{"x":-0.1979874074459076,"y":0.7277221083641052,"z":-0.23496411740779878,"w":-0.6131999492645264},"size":2.8578836917877199,"orthographic":false}